JADWAL PERKULIAHAN PRODI TEKNIK INFORMATIKA,,,,,,,,,,,,,
SEMESTER GASAL TAHUN AKADEMIK 2026/2027,,,,,,,,,,,,,
,,,,,,,,,,,,,
Perkuliahan dimulai pukul 07.30 dan selesai maksimal pukul 18.00,,,,,,Mohon untuk tidak merge cell,,,,,,,
disetiap pergantian 1 sks terdapat jeda waktu 5 menit,,,,,,"Mohon diratakan di semua hari, tidak padat di hari-hari tertentu",,,,,Tautan penting,,
07.30-08.20,,13.00-13.50,,,,,,,,,"Slide Perwalian Gasal 26/27
https://docs.google.com/presentation/d/1HSwPAnGddxhxjO8Rqn31styL3IPt2ywo/edit?usp=sharing&ouid=107542889284466399026&rtpof=true&sd=true",,
08.25-09.15,,13.55-14.45,,,,MK Alpro dan Praktikum Pemrograman mengikuti jadwal TPB,,,,,Kalender Akademik :,,
09.20-10.10,,14.50-15.40,,,,(ADMIN ONLY) JADWAL & INFORMASI PERKULIAHAN-PRAKTIKUM-CORE PRODI TPB GASAL 2026-2027,,,,,https://akademik.itera.ac.id/kalender-akademik,,
10.15-11.05,,15.45-16.35,,,,,,,,,Dokumen Sosialisasi Prodi:,,
11.10-12.00,,16.40-17.30,,,,,,,,,https://s.itera.id/SosialisasiProdiIF,,
12.00-13.00 istirahat,,,,,,Keterangan:,,,,,,,
,,,,,,Penambahan beberapa kelas pilihan (warna hijau) dan penghapusan kelas Sistem Informasi Geografis karena beban SKS pengampu yang berlebih,,,,,,,
Program Studi,Hari,Jam Mulai (Ex : 07:00),Jam Berakhir (Ex: 10:00),Kode Mata Kuliah,Selama Ramadhan,Nama Mata Kuliah,SKS,Kelas,Semester,Jumlah Mahasiswa,"Ruangan 
(Diisi Fakultas)",Tautan E-Learning (diisi oleh pengampu),Catatan Ruangan
Teknik Informatika,Senin,07:30,10:10,IF25-40204,,Sistem Informasi Kesehatan,3,RB,"7,9,11",60,GK2 101 (60),,
Teknik Informatika,Senin,07:30,10:10,IF25-40412,,Teknologi Game,3,RA,"7,9,11",60,GK2 102 (60),,
Teknik Informatika,Senin,09:20,12:00,IF25-21010,,Probabilitas dan Statistika,3,RB,3,60,GK2 123,,
Teknik Informatika,Senin,09:20,12:00,IF25-21010,,Probabilitas dan Statistika,3,RD,3,60,GK2 124,"https://kuliah2.itera.ac.id/course/view.php?id=962 
enrollment key: Probstat#20261-RD",
Teknik Informatika,Senin,09:20,12:00,IF25-21012,,Basis Data,3,RC,3,60,GK2 125,,
Teknik Informatika,Senin,09:20,12:00,IF25-41031,,Kapita Selekta,3,RB,5,60,GK2 126,"https://s.itera.id/KSI-2026
kode kelas di LMS 
Kelas RA : ksi-RA2026
Kelas RB : ksi-RB2026
Kelas RC : ksi-RC2026
Kelas RD : ksi-RD2026",
Teknik Informatika,Senin,09:20,12:00,IF25-41031,,Kapita Selekta,3,RD,5,60,GK2 207 (60),,
Teknik Informatika,Senin,13:00,15:40,IF25-21010,,Probabilitas dan Statistika,3,RA,3,60,GK2 101 (60),https://classroom.google.com/c/ODc2NTMwOTgwMzEy?cjc=upk4pppd,
Teknik Informatika,Senin,13:00,15:40,IF25-21010,,Probabilitas dan Statistika,3,RC,3,60,GK2 102 (60),"https://kuliah2.itera.ac.id/course/view.php?id=962 
enrollment key: Probstat#20261-RC",
Teknik Informatika,Senin,13:00,15:40,IF25-21013,,Strategi Algoritma,3,RB,3,60,GK2 103 (60),,
Teknik Informatika,Senin,13:00,15:40,IF25-21013,,Strategi Algoritma,3,RD,3,60,GK2 104 (60),GCR: vp5n7v5z,
Teknik Informatika,Senin,13:00,15:40,IF25-22016,,Inteligensi Buatan,3,RA,5,60,GK2 123,"https://kuliah2.itera.ac.id/course/view.php?id=935 
Enrollment Key Kelas RA: IF25-22016Ib-RA",
Teknik Informatika,Senin,13:00,15:40,IF25-22016,,Inteligensi Buatan,3,RC,5,60,GK2 124,"https://kuliah2.itera.ac.id/course/view.php?id=935 
Enrollment Key Kelas RC: IF25-22016Ib-RC",
Teknik Informatika,Senin,13:00,14:40,R48IF,,"Karier, Etika, dan Kewirasusahaan",,R48IF,,,F004,,
Teknik Informatika,Senin,13:55,16:35,IF25-40204,,Sistem Informasi Kesehatan,3,RA,"7,9,11",60,GK2 125,,
Teknik Informatika,Senin,15:00,16:40,IF25-11001,,Algoritma dan Pemrograman,2,RA,1,60,GK1.101 (80),,
Teknik Informatika,Senin,15:00,16:40,IF25-11001,,Algoritma dan Pemrograman,2,RB,1,60,GK1.102 (80),,
Teknik Informatika,Senin,15:00,16:40,IF25-11001,,Algoritma dan Pemrograman,2,RC,1,60,GK1.103 (80),,
Teknik Informatika,Senin,15:00,16:40,IF25-11001,,Algoritma dan Pemrograman,2,RD,1,60,GK1.104 (80),,
Teknik Telekomunikasi,Senin,15:45,17:30,TT25-31005,,Kecerdasan Buatan ,,RA,,,GK2 126,,
,,,,,,,,,,,,,
,,,,,,,,,,,,,
,,,,,,,,,,,,,
Teknik Informatika,Selasa,07:30,9:30,IF25-22014,,Pengembangan Aplikasi Web,3,RA,7,60,GK2 405,,
Teknik Informatika,Selasa,07:30,10:10,IF25-40311,,Komputasi Pervasif,3,R,"7,9,11",60,GK2 406,,
Teknik Informatika,Selasa,07:30,11:30,IF25-11002,,Praktikum Pemrograman,2,RA,1,60,LAB MM IF PRODI 2 (LABTEK 1 LT. 3) - 60,,
Teknik Informatika,Selasa,07:30,11:30,IF25-11002,,Praktikum Pemrograman,2,RB,1,60,LAB MM IF PRODI 3 (LABTEK 1 LT. 3) - 56,,
Teknik Informatika,Selasa,08:25,11:05,IF25-40206,,Audit Teknologi Informasi,3,R,"7,9,11",60,LAB IOT PRODI LABTEK 3 LT.3,,
Teknik Informatika,Selasa,09:20,12:00,IF25-41031,,Kapita Selekta,3,RA,5,60,GK2 206,"https://s.itera.id/KSI-2026
kode kelas di LMS 
Kelas RA : ksi-RA2026
Kelas RB : ksi-RB2026
Kelas RC : ksi-RC2026
Kelas RD : ksi-RD2026",
Teknik Informatika,Selasa,09:20,12:00,IF25-41031,,Kapita Selekta,3,RC,5,60,GK2 207 (60),,
Teknik Informatika,Selasa,13:00,15:40,IF25-22016,,Inteligensi Buatan,3,RB,5,60,GK2 107 (60),"https://kuliah2.itera.ac.id/course/view.php?id=935 
Enrollment Key Kelas RB: IF25-22016Ib-RB",
Teknik Informatika,Selasa,13:00,15:40,IF25-22016,,Inteligensi Buatan,3,RD,5,60,GK2 108 (60),"https://kuliah2.itera.ac.id/course/view.php?id=935 
Enrollment Key Kelas RD: IF25-22016Ib-RD",
Teknik Informatika,Selasa,9:30,12:00,IF25-22017,,Pengembangan Aplikasi Mobile,3,RA,7,60,GK2 408,,
Teknik Informatika,Selasa,13:00,15:40,IF25-31021,,Keamanan Siber,3,R,"5,7,9",60,LAB IOT PRODI LABTEK 3 LT.3,,
Teknik Informatika,Selasa,15:00,17:30,IF25-21013,,Strategi Algoritma,3,RA,3,60,GK2 110,https://classroom.google.com/c/ODc2NjkyNTQ4MTg4?cjc=zxhra445,
Teknik Informatika,Selasa,15:00,17:30,IF25-21013,,Strategi Algoritma,3,RC,3,60,GK2 111,GCR: xviyrpic,
Teknik Telekomunikasi,Selasa,15:45,17:30,TT25-21001,,Algoritma Pemrograman,,RA,,,GK2 119,,
Teknik Telekomunikasi,Selasa,15:45,17:30,TT25-21001,,Algoritma Pemrograman,,RB,,,GK2 112,,
,,,,,,,,,,,,,
Teknik Informatika,Rabu,07:30,10:10,IF25-21012,,Basis Data,3,RB,3,60,GK2 119,,
Teknik Informatika,Rabu,07:30,09:15,IF25-21008,,Jaringan Komputer,2+1,RF,3,60,GK2 120,,
Teknik Informatika,Rabu,07:30,09:15,IF25-21009,,Pemrograman Berorientasi Objek,2+1,RD,3,60,GK2 122,,
Teknik Informatika,Rabu,07:30,10:10,IF25-40401,,Pembelajaran Mendalam,3,RA,"7,9,11",60,GK2 123,"https://kuliah2.itera.ac.id/group/index.php?id=969 
Enrollment Key: DeepLearningRA#20261",
Teknik Informatika,Rabu,07:30,10:10,IF25-40401,,Pembelajaran Mendalam,3,RB,"7,9,11",60,GK2 228,"https://kuliah2.itera.ac.id/group/index.php?id=969 
Enrollment Key: DeepLearningRB#20261",
Teknik Informatika,Rabu,07:30,10:10,IF25-40412,,Teknologi Game,3,RB,"7,9,11",60,GK1.101 (80),,
RAPAT PRODI,,,,,,,,,,,,,
Teknik Informatika,Rabu,09:20,12:00,R47IF,,"Karier, Etika, dan Kewirasusahaan",,R47IF,,,F001(80),,
Teknik Informatika,Rabu,13:00,15:40,IF25-21012,,Basis Data,3,RA,3,60,GK2 119,,
Teknik Informatika,Rabu,13:00,15:40,IF25-21012,,Basis Data,3,RD,3,60,GK2 120,,
Teknik Informatika,Rabu,13:00,15:40,IF25-31020,,Pembelajaran Mesin,3,RA,"7,9,11",60,GK2 121,"https://kuliah2.itera.ac.id/course/view.php?id=955 
Enrollment Key Kelas RA: ML31020-2026-rA",
Teknik Informatika,Rabu,13:00,15:40,IF25-31020,,Pembelajaran Mesin,3,RB,"7,9,11",60,F307(40),"https://kuliah2.itera.ac.id/course/view.php?id=955  
Enrollment Key Kelas RA: ML31020-2026-rB",
Teknik Informatika,Rabu,13:00,15:40,IF25-40410,,Pengolahan Citra Digital,3,RA,"7,9,11",60,GK2 122,"https://kuliah2.itera.ac.id/course/view.php?id=976  
Enrollment Key Kelas RA: Pcd2026-IF-RA",
Teknik Informatika,Rabu,13:00,15:40,IF25-40410,,Pengolahan Citra Digital,3,RB,"7,9,11",60,GK2 123,"https://kuliah2.itera.ac.id/course/view.php?id=976  
Enrollment Key Kelas RB: Pcd2026-IF-RB",
Teknik Informatika,Rabu,13:55,15:40,IF25-21008,,Jaringan Komputer,2+1,RH,3,60,GK2 125,,
Teknik Telekomunikasi,Rabu,13:00,14:45,TT25-31005,,Kecerdasan Buatan ,,RB,,,GK2 124,,
Teknik Informatika,Rabu,14:50,17:30,IF25-31019,,Kriptografi,3,R,"7,9",60,GK2 318,https://classroom.google.com/c/ODc2Njg5NzQxMDAz?cjc=v7hx27yc,
,,,,,,,,,,,,,
Teknik Informatika,Kamis,07:30,09:15,IF25-21009,,Pemrograman Berorientasi Objek,2+1,RA,3,60,GK2 213 (60),,
Teknik Informatika,Kamis,07:30,09:15,IF25-21009,,Pemrograman Berorientasi Objek,2+1,RB,3,60,GK2 214 (40),,
Teknik Informatika,Kamis,07:30,11:05,IF25-40312,,Proyek Teknologi Informasi,4,R,"7,9,11",60,GK2 219,,
Teknik Informatika,Kamis,07:30,11:30,IF25-11002,,Praktikum Pemrograman,2,RC,1,60,LAB MM IF PRODI 2 (LABTEK 1 LT. 3) - 60,,
Teknik Informatika,Kamis,07:30,11:30,IF25-11002,,Praktikum Pemrograman,2,RD,1,60,LAB MM IF PRODI 3 (LABTEK 1 LT. 3) - 56,,
Teknik Informatika,Kamis,10:15,12:00,IF25-21009,,Pemrograman Berorientasi Objek,2+1,RC,3,60,F201(40),,"Opsi
-rabu 07.30 - 10.10 di GK2 121
kamis 07.20 - 09.15 di GK1.406a (60)
jumat 7.30-10.10 di GK2 223"
Teknik Informatika,Kamis,10:15,12:50,IF25-32027,,Keamanan Dalam Perangkat Lunak,3,R,"5,7,9",60,GK2 304,"https://s.itera.id/7kAzBD (akses view enrol key, login via gmail student)",
Teknik Informatika,Kamis,09:20,12:00,IF25-40402,,Mahadata / Big Data,3,R,"7,9,11",60,GK2 220,,
Teknik Informatika,Kamis,09:20,12:00,IF25-41029,,Metodologi Penelitian,3,RA,5,60,GK2 221,,
Teknik Informatika,Kamis,09:20,12:00,IF25-41029,,,3,RB,5,60,GK2 222,,
Teknik Informatika,Kamis,13:00,15:40,IF25-21011,,Dasar Rekayasa Perangkat Lunak,3,RB,3,60,GK2 220,,
Teknik Informatika,Kamis,13:00,15:40,IF25-21011,,Dasar Rekayasa Perangkat Lunak,3,RC,3,60,GK2 219,,
Teknik Informatika,Kamis,13:00,15:40,IF25-22014,,Pengembangan Aplikasi Web,3,RB,"5,7,9",60,GK2 409,,
Teknik Informatika,Kamis,13:00,15:40,IF25-40305,,Sistem Teknologi Multimedia,3,R,"7,9,11",60,GK2 222,,
Teknik Informatika,Kamis,13:00,15:40,IF25-41029,,Metodologi Penelitian,3,RC,5,60,GK2 223,,
Teknik Informatika,Kamis,13:00,15:40,IF25-41029,,Metodologi Penelitian,3,RD,5,60,GK2 224,,
Teknik Informatika,Kamis,13:55,15:40,IF25-21008,,Jaringan Komputer,2+1,RA,5,60,F003(80),,
Teknik Informatika,Kamis,13:55,15:40,IF25-21008,,Jaringan Komputer,2+1,RD,5,60,F004(80) Gabung dengan RA (Merger),,
FTI,Kamis,13:00,14:40,R46IF,,"Karier, Etika, dan Kewirasusahaan",,,,,GK2 103 (60),,
Teknik Telekomunikasi,Kamis,13:00,15:40,TT25-32203,,Internet of Things (IoT),,R,,,GK2 104 (60),,
,,,,,,,,,,,,,
Teknik Informatika,Jumat,07:30,09:15,IF25-22015,,Sistem Informasi,2,RA,5,60,GK2 221,,
Teknik Informatika,Jumat,07:30,09:15,IF25-22015,,Sistem Informasi,2,RB,5,60,GK2 222,,
Teknik Informatika,Jumat,07:30,09:15,IF25-22015,,Sistem Informasi,2,RC,5,60,GK2 223,,
Teknik Informatika,Jumat,07:30,10:10,IF25-40304,,Pembelajaran Mesin Multimodal,3,R,"7,9,11",60,GK2 224,,
Teknik Informatika,Jumat,07:30,10:10,IF25-21008,,Jaringan Komputer,2+1,RG,3,60,GK2 302 (50),,
Teknik Informatika,Jumat,07:30,09:15,IF25-21008,,Jaringan Komputer,2+1,RE,3,60,GK2 303,,
Teknik Informatika,Jumat,09:20,12:00,IF25-31023,,Manajemen Proyek Teknologi Informasi,3,RA,"5,7,9",60,Online,https://s.itera.id/JGCw4L (gunakan Email ITERA),
Teknik Informatika,Jumat,09:20,12:00,IF25-31023,,Manajemen Proyek Teknologi Informasi,3,RB,"5,7,9",60,Online,https://s.itera.id/JGCw4L (gunakan Email ITERA),
Teknik Informatika,Jumat,09:20,11:05,IF25-22015,,Sistem Informasi,2,RD,5,60,GK2 305,,
Teknik Informatika,Jumat,09:20,12:00,IF25-21011,,Dasar Rekayasa Perangkat Lunak,3,RA,3,60,GK2 306,,
Teknik Informatika,Jumat,09:20,12:00,IF25-21011,,Dasar Rekayasa Perangkat Lunak,3,RD,3,60,GK2 307,,
Teknik Informatika,Jumat,09:20,12:00,IF25-32025,,Penambangan Data,3,R,"5,7,9",60,GK2 308,,
Teknik Informatika,Jumat,13:00,15:40,IF25-22017,,Pengembangan Aplikasi Mobile,3,RB,"5,7,9",60,GK1.208b (60),,
Teknik Informatika,Jumat,13:00,14:45,IF25-21008,,Jaringan Komputer,2+1,RB,5,60,GK2 302 (50),,
Teknik Informatika,Jumat,13:00,14:45,IF25-21008,,Jaringan Komputer,2+1,RC,5,60,GK2 303,,
Teknik Informatika,Jumat,13:00,15:40,IF25-40203,,Pengujian Perangkat Lunak,3,R,"7,9,11",60,GK2 304,https://s.itera.id/31JoTk (gunakan Email ITERA),